“Drama”, “General”
“Acción”, “General”
“Romance”, “General”
“Anime”, “General”
“Documentales”, “General”
“Pelis de Guerra”, “Acción”
“Espías”, “Acción”
“Animales”, “Documentales”
“Históricos”, “Documentales”
“Romance Occidental”, “Romance”
“Romance Coreano”, “Romance”
“Autos”, “Acción”
“Barbie”, “General”
“Hadas”, “Barbie”
“potos”, “Barbie”
“Abbbababa”, “General”
“Abbbabab”, “General”
“Ayudaaaaaaaaaaaaaaaaaaaaasodkpaskpodkads”, “General”
“E”, “General”
“Ddddd”, “Drama”
“Aaaaaa”, “General”
